gene,chr,pos,ref,mut,aachange,ntchange,impact,dataset
BAX,19,49459518,G,A,M99I,G297A,Missense,MPN
BAX,19,49459042,G,A,C62Y,G185A,Missense,tAML
BAX,19,49459501,C,T,R94*,C280T,Nonsense,Normal
CHEK2,22,29085204,C,T,.,.,Essential_Splice,CML
CHEK2,22,29108006,C,T,.,.,Essential_Splice,Normal
CHEK2,22,29091226,T,G,S465R,A1393C,Missense,Chemo
CHEK2,22,29091773,A,T,V438D,T1313A,Missense,Chemo
CHEK2,22,29091842,G,A,S415F,C1244T,Missense,Chemo
CHEK2,22,29121087,A,G,I200T,T599C,Missense,Chemo
CHEK2,22,29091849,C,G,G413R,G1237C,Missense,MF
CHEK2,22,29091782,G,C,A435G,C1304G,Missense,MF
CHEK2,22,29107994,C,T,G275E,G824A,Missense,MF
CHEK2,22,29083956,G,A,R564W,C1690T,Missense,MSC_BMT
CHEK2,22,29090060,C,T,R517H,G1550A,Missense,MSC_BMT
CHEK2,22,29091842,G,A,S415F,C1244T,Missense,MSC_BMT
CHEK2,22,29099506,T,C,I342V,A1024G,Missense,MSC_BMT
CHEK2,22,29090061,G,A,R517C,C1549T,Missense,Normal
CHEK2,22,29121350,C,T,V152M,G454A,Missense,Normal
CHEK2,22,29083944,C,T,G568R,G1702A,Missense,Normal
CHEK2,22,29091115,C,T,A502T,G1504A,Missense,Normal
CHEK2,22,29092899,C,T,C405Y,G1214A,Missense,Normal
CHEK2,22,29115408,A,T,Y263N,T787A,Missense,Normal
CHEK2,22,29091797,G,A,T430I,C1289T,Missense,tAML
CHEK2,22,29099549,G,C,C327W,C981G,Missense,tAML
CHEK2,22,29107982,A,T,L279Q,T836A,Missense,tAML
CHEK2,22,29130435,G,A,P92L,C275T,Missense,TN
CHEK2,22,29106042,TG,T,.,926-926-delfrshift,no-SNV,Normal
IGLL5,22,23237636,G,T,C137F,G410T,Missense,MSC_BMT
MTA2,11,62364183,C,T,A270T,G808A,Missense,Chemo
MTA2,11,62367707,T,C,K41E,A121G,Missense,Chemo
MTA2,11,62361848,T,C,N575S,A1724G,Missense,MPN
MTA2,11,62364125,T,A,D289V,A866T,Missense,MSC_BMT
MTA2,11,62364121,A,C,I290M,T870G,Missense,Normal
MYD88,3,38180481,G,A,G110D,G329A,Missense,Normal
SH2B3,12,111885134,G,A,G341D,G1022A,Missense,MSC_BMT
SH2B3,12,111856326,C,T,P126L,C377T,Missense,MSC_BMT
SH2B3,12,111885286,C,T,R392W,C1174T,Missense,MSC_BMT
SH2B3,12,111885281,T,C,L390P,T1169C,Missense,Normal
SIK3,11,116824783,T,C,Y144C,A431G,Missense,MF
SIK3,11,116767049,G,C,P262R,C785G,Missense,MF
SIK3,11,116730042,G,T,L854I,C2560A,Missense,MSC_BMT
SIK3,11,116747693,T,A,I311F,A931T,Missense,Normal
SIK3,11,116767068,G,C,L256V,C766G,Missense,Normal
SIK3,11,116969127,G,A,A2V,C5T,Missense,Normal
SIK3,11,116741090,C,A,E589*,G1765T,Nonsense,Chemo
SIK3,11,116741090,C,A,E589*,G1765T,Nonsense,Normal
SIK3,11,116741090,C,A,E589*,G1765T,Nonsense,Normal
SPRED2,2,65561814,G,T,L100I,C298A,Missense,Chemo
SPRED2,2,65571975,C,T,G28R,G82A,Missense,MSC_BMT
SPRED2,2,65571995,A,T,M21K,T62A,Missense,MSC_BMT
SPRED2,2,65561852,G,A,T87M,C260T,Missense,Normal
SPRED2,2,65540847,T,G,M349L,A1045C,Missense,Normal
SPRED2,2,65540927,C,T,R322H,G965A,Missense,tAML
SRCAP,16,30745330,G,A,.,.,Essential_Splice,MPN
SRCAP,16,30722890,A,G,.,.,Essential_Splice,Normal
SRCAP,16,30724699,G,A,.,.,Essential_Splice,Normal
SRCAP,16,30732032,A,G,.,.,Essential_Splice,Normal
SRCAP,16,30750564,G,C,R3068P,G9203C,Missense,Chemo
SRCAP,16,30740893,G,A,G2043R,G6127A,Missense,Chemo
SRCAP,16,30724120,G,A,R705K,G2114A,Missense,MPN
SRCAP,16,30734292,A,G,T1301A,A3901G,Missense,MSC_BMT
SRCAP,16,30727487,A,G,Q865R,A2594G,Missense,MSC_BMT
SRCAP,16,30718975,G,A,R192H,G575A,Missense,MSC_BMT
SRCAP,16,30748637,C,T,P2426S,C7276T,Missense,Normal
SRCAP,16,30745096,G,T,Q2157H,G6471T,Missense,Normal
SRCAP,16,30748554,G,A,R2398H,G7193A,Missense,Normal
SRCAP,16,30720907,T,C,I236T,T707C,Missense,Normal
SRCAP,16,30721283,T,C,L323P,T968C,Missense,Normal
SRCAP,16,30723695,A,G,D643G,A1928G,Missense,Normal
SRCAP,16,30751005,C,T,S3215F,C9644T,Missense,Normal
SRCAP,16,30727397,C,A,P835H,C2504A,Missense,Normal
SRCAP,16,30748388,C,T,R2343C,C7027T,Missense,Normal
SRCAP,16,30724893,T,G,L785R,T2354G,Missense,Normal
SRCAP,16,30727417,A,G,K842E,A2524G,Missense,Normal
SRCAP,16,30745085,C,T,R2154*,C6460T,Nonsense,MSC_BMT
SRCAP,16,30750197,C,T,R2946*,C8836T,Nonsense,Normal
SRCAP,16,30734908,C,G,S1388*,C4163G,Nonsense,Normal
SRCAP,16,30735421,T,TTCCG,.,4675-4676-insfrshift,no-SNV,Normal
SRCAP,16,30748849,T,TG,.,7487-7488-insfrshift,no-SNV,Normal
SRCAP,16,30721234,GA,G,.,920-920-delfrshift,no-SNV,Normal
SRCAP,16,30722102,C,CAGCG,.,1161-1162-insfrshift,no-SNV,Normal
SRCAP,16,30723358,T,TGCAG,.,1694-1695-insfrshift,no-SNV,Normal
SRCAP,16,30736370,GC,G,.,5626-5626-delfrshift,no-SNV,Normal
SRSF1,17,56084438,C,T,G21S,G61A,Missense,Normal
YLPM1,14,75276664,T,C,L1664P,T4991C,Missense,Chemo
YLPM1,14,75276658,T,C,I1662T,T4985C,Missense,Normal
YLPM1,14,75266222,T,C,S1408P,T4222C,Missense,Normal
YLPM1,14,75264344,G,C,G782R,G2344C,Missense,tAML
YLPM1,14,75265725,A,G,Y1242C,A3725G,Missense,tAML
YLPM1,14,75265792,G,C,W1264C,G3792C,Missense,tAML
YLPM1,14,75248115,C,T,R457*,C1369T,Nonsense,Normal
YLPM1,14,75245167,G,A,W297*,G891A,Nonsense,Normal
YLPM1,14,75265139,C,T,R1047*,C3139T,Nonsense,Normal
YLPM1,14,75248201,GC,G,.,1456-1456-delfrshift,no-SNV,Normal
YLPM1,14,75247222,CACACTCAGTT,C,.,1226-1235-delfrshift,no-SNV,Normal
ZBTB33,X,119387490,A,G,R74G,A220G,Missense,Chemo
ZBTB33,X,119387292,T,G,S8A,T22G,Missense,MSC_BMT
ZBTB33,X,119388946,T,C,F559S,T1676C,Missense,MSC_BMT
ZBTB33,X,119389023,C,T,R585C,C1753T,Missense,MSC_BMT
ZBTB33,X,119388988,A,G,H573R,A1718G,Missense,Normal
ZBTB33,X,119388651,A,T,N461Y,A1381T,Missense,Normal
ZBTB33,X,119387404,C,T,A45V,C134T,Missense,Normal
ZBTB33,X,119388524,A,C,L418F,A1254C,Missense,tAML
ZBTB33,X,119387355,G,T,G29*,G85T,Nonsense,Chemo
ZBTB33,X,119388970,C,G,S567*,C1700G,Nonsense,Chemo
ZNF234,19,44660861,C,T,P231L,C692T,Missense,TN
ZNF234,19,44662159,C,T,R664*,C1990T,Nonsense,MSC_BMT
ZNF318,6,43333180,T,C,.,.,Essential_Splice,MSC_BMT
ZNF318,6,43309849,C,T,.,.,Essential_Splice,Normal
ZNF318,6,43323001,C,T,V691M,G2071A,Missense,CML
ZNF318,6,43307463,C,T,V1425M,G4273A,Missense,MF
ZNF318,6,43316334,T,C,K934E,A2800G,Missense,MSC_BMT
ZNF318,6,43305603,C,T,E2045K,G6133A,Missense,MSC_BMT
ZNF318,6,43305861,A,G,W1959R,T5875C,Missense,Normal
ZNF318,6,43306610,C,T,S1709N,G5126A,Missense,Normal
ZNF318,6,43325225,T,C,Y276C,A827G,Missense,Normal
ZNF318,6,43322896,C,G,E726Q,G2176C,Missense,Normal
ZNF318,6,43307559,T,C,K1393E,A4177G,Missense,tAML
ZNF318,6,43322841,G,C,S744*,C2231G,Nonsense,Normal
ZNF318,6,43316343,G,A,R931*,C2791T,Nonsense,Normal
ZNF318,6,43322737,G,A,Q779*,C2335T,Nonsense,Normal
ZNF318,6,43323160,G,A,R638*,C1912T,Nonsense,Normal
ZNF318,6,43306593,C,CTGGAGATATATCCCTACTAGTGTCACTCTGGAAGGAACTAGAG,.,5143-5144-insfrshift,no-SNV,Chemo
ZNF318,6,43310585,AG,A,.,3104-3104-delfrshift,no-SNV,MSC_BMT
ZNF318,6,43322770,G,GA,.,2302-2303-insfrshift,no-SNV,Normal
ZNF318,6,43325210,TTCACTGTG,T,.,834-841-delfrshift,no-SNV,Normal
ZNF318,6,43305995,GA,G,.,5740-5740-delfrshift,no-SNV,Normal
ZNF318,6,43308220,TG,T,.,3515-3515-delfrshift,no-SNV,Normal
ZNF318,6,43323281,CT,C,.,1790-1790-delfrshift,no-SNV,Normal
ZNF318,6,43336799,CCCGGCGGG,C,.,297-304-delfrshift,no-SNV,Normal
